-- MariaDB dump 10.19  Distrib 10.5.23-MariaDB, for debian-linux-gnu (x86_64)
--
-- Host: localhost    Database: forum
-- ------------------------------------------------------
-- Server version	10.5.23-MariaDB-0+deb11u1

/*!40101 SET @OLD_CHARACTER_SET_CLIENT=@@CHARACTER_SET_CLIENT */;
/*!40101 SET @OLD_CHARACTER_SET_RESULTS=@@CHARACTER_SET_RESULTS */;
/*!40101 SET @OLD_COLLATION_CONNECTION=@@COLLATION_CONNECTION */;
/*!40101 SET NAMES utf8mb4 */;
/*!40103 SET @OLD_TIME_ZONE=@@TIME_ZONE */;
/*!40103 SET TIME_ZONE='+00:00' */;
/*!40014 SET @OLD_UNIQUE_CHECKS=@@UNIQUE_CHECKS, UNIQUE_CHECKS=0 */;
/*!40014 SET @OLD_FOREIGN_KEY_CHECKS=@@FOREIGN_KEY_CHECKS, FOREIGN_KEY_CHECKS=0 */;
/*!40101 SET @OLD_SQL_MODE=@@SQL_MODE, SQL_MODE='NO_AUTO_VALUE_ON_ZERO' */;
/*!40111 SET @OLD_SQL_NOTES=@@SQL_NOTES, SQL_NOTES=0 */;

--
-- Current Database: `forum`
--

CREATE DATABASE /*!32312 IF NOT EXISTS*/ `forum` /*!40100 DEFAULT CHARACTER SET utf8mb4 COLLATE utf8mb4_general_ci */;

USE `forum`;

--
-- Table structure for table `categories`
--

DROP TABLE IF EXISTS `categories`;
/*!40101 SET @saved_cs_client     = @@character_set_client */;
/*!40101 SET character_set_client = utf8 */;
CREATE TABLE `categories` (
  `cat_id` int(8) NOT NULL AUTO_INCREMENT,
  `cat_name` varchar(255) NOT NULL,
  `cat_description` varchar(255) NOT NULL,
  PRIMARY KEY (`cat_id`),
  UNIQUE KEY `cat_name_unique` (`cat_name`)
) ENGINE=InnoDB AUTO_INCREMENT=130 DEFAULT CHARSET=utf8mb4 COLLATE=utf8mb4_general_ci;
/*!40101 SET character_set_client = @saved_cs_client */;

--
-- Dumping data for table `categories`
--

LOCK TABLES `categories` WRITE;
/*!40000 ALTER TABLE `categories` DISABLE KEYS */;
INSERT INTO `categories` VALUES (1,'Sloths','All things sloths.'),(2,'Cecropia','The best tree in existence.'),(3,'The Branch','Come and hang out!');
/*!40000 ALTER TABLE `categories` ENABLE KEYS */;
UNLOCK TABLES;

--
-- Table structure for table `posts`
--

DROP TABLE IF EXISTS `posts`;
/*!40101 SET @saved_cs_client     = @@character_set_client */;
/*!40101 SET character_set_client = utf8 */;
CREATE TABLE `posts` (
  `post_id` int(8) NOT NULL AUTO_INCREMENT,
  `post_content` text NOT NULL,
  `post_date` datetime NOT NULL,
  `post_topic` int(8) NOT NULL,
  `post_by` int(8) NOT NULL,
  PRIMARY KEY (`post_id`),
  KEY `post_topic` (`post_topic`),
  KEY `post_by` (`post_by`),
  CONSTRAINT `posts_ibfk_1` FOREIGN KEY (`post_topic`) REFERENCES `topics` (`topic_id`) ON DELETE CASCADE ON UPDATE CASCADE,
  CONSTRAINT `posts_ibfk_2` FOREIGN KEY (`post_by`) REFERENCES `users` (`user_id`) ON UPDATE CASCADE
) ENGINE=InnoDB AUTO_INCREMENT=398 DEFAULT CHARSET=utf8mb4 COLLATE=utf8mb4_general_ci;
/*!40101 SET character_set_client = @saved_cs_client */;

--
-- Dumping data for table `posts`
--

LOCK TABLES `posts` WRITE;
/*!40000 ALTER TABLE `posts` DISABLE KEYS */;
INSERT INTO `posts` VALUES (388,'Gonna have a chill party at my branch, probably eat some leaves... slowly. Maybe take a nap, and then hang for a bit. Reply if you\'re interested.','2024-07-21 14:30:03',3,4),(389,'I\'m down','2024-07-21 14:30:03',3,2),(390,'I\'ll bring leaves. Someone should get some catepillars too. We\'ll make wraps.','2024-07-21 14:30:03',3,3),(391,'Solid. I\'m gonna take my second after-lunch nap, then lets do this. Head over whenever.','2024-07-21 14:30:03',3,4),(392,'Hey guys! Can I come?','2024-07-21 14:30:03',3,5),(393,'Darnit Steve, we just want to have a chill time without anyone crawling across our branches at mach 7.','2024-07-21 14:30:03',3,4),(394,'Aww give me a chance! Also I crashed my anteater into my branch. Can I borrow yours until mine gets fixed?','2024-07-21 14:30:03',3,5),(395,'This is why we can\'t have nice things steve.','2024-07-21 14:30:03',3,4),(396,'They\'re everywhere! Somebody help!!','2024-07-21 14:30:03',1,2),(397,'Because these leaves are exploding with flavor!','2024-07-21 14:30:03',2,3);
/*!40000 ALTER TABLE `posts` ENABLE KEYS */;
UNLOCK TABLES;

--
-- Table structure for table `topics`
--

DROP TABLE IF EXISTS `topics`;
/*!40101 SET @saved_cs_client     = @@character_set_client */;
/*!40101 SET character_set_client = utf8 */;
CREATE TABLE `topics` (
  `topic_id` int(8) NOT NULL AUTO_INCREMENT,
  `topic_subject` varchar(255) NOT NULL,
  `topic_date` datetime NOT NULL,
  `topic_cat` int(8) NOT NULL,
  `topic_by` int(8) NOT NULL,
  PRIMARY KEY (`topic_id`),
  KEY `topic_cat` (`topic_cat`),
  KEY `topic_by` (`topic_by`),
  CONSTRAINT `topics_ibfk_1` FOREIGN KEY (`topic_cat`) REFERENCES `categories` (`cat_id`) ON DELETE CASCADE ON UPDATE CASCADE,
  CONSTRAINT `topics_ibfk_2` FOREIGN KEY (`topic_by`) REFERENCES `users` (`user_id`) ON UPDATE CASCADE
) ENGINE=InnoDB AUTO_INCREMENT=4 DEFAULT CHARSET=utf8mb4 COLLATE=utf8mb4_general_ci;
/*!40101 SET character_set_client = @saved_cs_client */;

--
-- Dumping data for table `topics`
--

LOCK TABLES `topics` WRITE;
/*!40000 ALTER TABLE `topics` DISABLE KEYS */;
INSERT INTO `topics` VALUES (1,'Ants!','2024-07-21 14:30:03',1,2),(2,'Somebody call the bomb squad...','2024-07-21 14:30:03',2,3),(3,'low key party at my branch','2024-07-21 14:30:03',3,4);
/*!40000 ALTER TABLE `topics` ENABLE KEYS */;
UNLOCK TABLES;

--
-- Table structure for table `users`
--

DROP TABLE IF EXISTS `users`;
/*!40101 SET @saved_cs_client     = @@character_set_client */;
/*!40101 SET character_set_client = utf8 */;
CREATE TABLE `users` (
  `user_id` int(8) NOT NULL AUTO_INCREMENT,
  `user_name` varchar(30) NOT NULL,
  `user_pass` varchar(255) NOT NULL,
  `user_email` varchar(255) NOT NULL,
  `user_date` datetime NOT NULL,
  `user_level` int(8) NOT NULL,
  PRIMARY KEY (`user_id`),
  UNIQUE KEY `user_name_unique` (`user_name`)
) ENGINE=InnoDB AUTO_INCREMENT=7 DEFAULT CHARSET=utf8mb4 COLLATE=utf8mb4_general_ci;
/*!40101 SET character_set_client = @saved_cs_client */;

--
-- Dumping data for table `users`
--

LOCK TABLES `users` WRITE;
/*!40000 ALTER TABLE `users` DISABLE KEYS */;
/*!40000 ALTER TABLE `users` ENABLE KEYS */;
UNLOCK TABLES;

--
-- Current Database: `xss`
--

CREATE DATABASE /*!32312 IF NOT EXISTS*/ `xss` /*!40100 DEFAULT CHARACTER SET utf8mb4 COLLATE utf8mb4_general_ci */;

USE `xss`;

--
-- Table structure for table `notes`
--

DROP TABLE IF EXISTS `notes`;
/*!40101 SET @saved_cs_client     = @@character_set_client */;
/*!40101 SET character_set_client = utf8 */;
CREATE TABLE `notes` (
  `username` char(32) DEFAULT NULL,
  `note` varchar(1000) DEFAULT NULL,
  KEY `username` (`username`),
  CONSTRAINT `notes_ibfk_1` FOREIGN KEY (`username`) REFERENCES `users` (`username`)
) ENGINE=InnoDB DEFAULT CHARSET=utf8mb4 COLLATE=utf8mb4_general_ci;
/*!40101 SET character_set_client = @saved_cs_client */;

--
-- Dumping data for table `notes`
--

LOCK TABLES `notes` WRITE;
/*!40000 ALTER TABLE `notes` DISABLE KEYS */;
/*!40000 ALTER TABLE `notes` ENABLE KEYS */;
UNLOCK TABLES;

--
-- Table structure for table `users`
--

DROP TABLE IF EXISTS `users`;
/*!40101 SET @saved_cs_client     = @@character_set_client */;
/*!40101 SET character_set_client = utf8 */;
CREATE TABLE `users` (
  `username` varchar(64) NOT NULL,
  `password` varchar(64) DEFAULT NULL,
  `auth` char(32) DEFAULT NULL,
  PRIMARY KEY (`username`),
  UNIQUE KEY `auth` (`auth`)
) ENGINE=InnoDB DEFAULT CHARSET=utf8mb4 COLLATE=utf8mb4_general_ci;
/*!40101 SET character_set_client = @saved_cs_client */;

--
-- Dumping data for table `users`
--

LOCK TABLES `users` WRITE;
/*!40000 ALTER TABLE `users` DISABLE KEYS */;
INSERT INTO `users` VALUES ('hacker','NoPeeking!@#','XXXX'),('umdsec','hacker123','XXX');
/*!40000 ALTER TABLE `users` ENABLE KEYS */;
UNLOCK TABLES;
/*!40103 SET TIME_ZONE=@OLD_TIME_ZONE */;

/*!40101 SET SQL_MODE=@OLD_SQL_MODE */;
/*!40014 SET FOREIGN_KEY_CHECKS=@OLD_FOREIGN_KEY_CHECKS */;
/*!40014 SET UNIQUE_CHECKS=@OLD_UNIQUE_CHECKS */;
/*!40101 SET CHARACTER_SET_CLIENT=@OLD_CHARACTER_SET_CLIENT */;
/*!40101 SET CHARACTER_SET_RESULTS=@OLD_CHARACTER_SET_RESULTS */;
/*!40101 SET COLLATION_CONNECTION=@OLD_COLLATION_CONNECTION */;
/*!40111 SET SQL_NOTES=@OLD_SQL_NOTES */;

-- Dump completed on 2024-07-22 23:09:10
